,,,,,,,,mM/OD,mM/OD,mM/OD/h,h,mM/OD,mM/OD,mM/OD,mM/OD,mM/OD,mM/OD,mM/OD,mm/h,ug/ml/OD600,ug/ml/OD600,,uM/OD/h
Strain,Date,Buffer,Experiment,carbon_source,growth_rate,carbon_source_2,growth_rate_2,glu_consumption,acetate_secretion,acetate_flux,lag_time,fructose_consumption,maltose_consumption,Succinate_consumption,glycerol_consumption,galactose_consumption,glu+CAA_consumption,glu+CAA+ACGU_consumption,front_speed,total_RNA,total_protein,R/P,cAMP
ECOR01,,LB,Growth rate expt_II,LB,2.46334965,,,,,,,,,,,,,,,,,,
ECOR01,,LB,Growth rate expt_I,LB,2.48704144,,,,,,,,,,,,,,,,,,
ECOR01,,MOPS,Growth rate expt_I,Glu+CAA+ACGU,2.024798,,,,,,,,,,,,,,,,,,
ECOR01,,MOPS,soft_agar expt_I,Glycerol,0.7942,,,,,,,,,,,,,,0.6948,,,,
ECOR01,,MOPS,soft_agar expt_I,Glu+CAA,1.4788,,,,,,,,,,,,,,,,,,
ECOR01,,MOPS,soft_agar expt_I,Gly+CAA,1.2843,,,,,,,,,,,,,,,,,,
ECOR01,,MOPS,swimming expt_I,Gly+CAA,1.3,,,,,,,,,,,,,,,,,,
ECOR01,,N-C-,Growth rate expt_I,Glucose,0.93957455,,,,,,,,,,,,,,,,,,
ECOR01,,N-C-,Growth rate expt_II,Glucose,0.96052537,,,,,,,,,,,,,,,,,,
ECOR01,,N-C-,Growth rate expt_I,Glycerol,0.72692074,,,,,,,,,,,,,,,,,,
ECOR01,,N-C-,Growth rate expt_I,Acetate,0.10841979,,,,,,,,,,,,,,,,,,
ECOR01,,N-C-,Growth rate expt_II,Acetate,0.10358715,,,,,,,,,,,,,,,,,,
ECOR01,,N-C-,Growth rate expt_I,Maltose,0.835241,,,,,,,,,,,,,,,,,,
ECOR01,,N-C-,Growth rate expt_I,Fructose,0.804411,,,,,,,,,,,,,,,,,,
ECOR01,,N-C-,Growth rate expt_I,Succinate,0.778669,,,,,,,,,,,,,,,,,,
ECOR01,,N-C-,Yield expt (in glucose),Glucose,0.94115,,,4.346994,-2.684193,-2.526228242,,,,,,,,,,,,,
ECOR01,,N-C-,Yield expt (in acetate),Acetate,,,,,,0,,,,,,,,,,,,,
ECOR01,,N-C-,Diauxie expt,Glucose,0.943892,Acetate,0.235246,,,0,0.785815,,,,,,,,,,,,
ECOR01,,N-C-,Preferred sugar expt_I,Mixed carbon,0.94327186,,,,,0,,,,,,,,,,,,,
ECOR01,,MOPS,Preferred sugar expt,Mixed carbon,1.003913318,,,4.26155978,-2.545344209,-2.55530495,,0.546577892,-0.015607191,0.6287034,-0.244607724,,,,,,,,
ECOR02,,LB,Growth rate expt_I,LB,2.64544483,,,,,0,,,,,,,,,,,,,
ECOR02,,LB,Growth rate expt_II,LB,2.48503886,,,,,0,,,,,,,,,,,,,
ECOR02,,MOPS,Growth rate expt_I,Glu+CAA+ACGU,1.88204,,,,,0,,,,,,,,,,,,,
ECOR02,,MOPS,soft_agar expt_I,Glycerol,0.7129,,,,,0,,,,,,,,,3.292,,,,
ECOR02,,MOPS,soft_agar expt_I,Glu+CAA,1.3432,,,,,0,,,,,,,,,,,,,
ECOR02,,MOPS,soft_agar expt_I,Gly+CAA,1.188,,,,,0,,,,,,,,,,,,,
ECOR02,,MOPS,swimming expt_I,Gly+CAA,1.23,,,,,0,,,,,,,,,,,,,
ECOR02,,N-C-,Growth rate expt_I,Glucose,0.96568835,,,,,0,,,,,,,,,,,,,
ECOR02,,N-C-,Growth rate expt_II,Glucose,0.96916,,,,,0,,,,,,,,,,,,,
ECOR02,,N-C-,Growth rate expt_I,Glycerol,0.74027221,,,,,0,,,,,,,,,,,,,
ECOR02,,N-C-,Growth rate expt_I,Acetate,0.4158702,,,,,0,,,,,,,,,,,,,
ECOR02,,N-C-,Growth rate expt_II,Acetate,0.4265755,,,,,0,,,,,,,,,,,,,
ECOR02,,N-C-,Growth rate expt_I,Maltose,0.847933,,,,,0,,,,,,,,,,,,,
ECOR02,,N-C-,Growth rate expt_I,Fructose,0.72353,,,,,0,,,,,,,,,,,,,
ECOR02,,N-C-,Growth rate expt_I,Succinate,0.739792,,,,,0,,,,,,,,,,,,,
ECOR02,,N-C-,Yield expt (in glucose),Glucose,0.96568835,,,4.601429,-2.566383,-2.478326165,,,,,,,,,,,,,
ECOR02,,MOPS,Yield expt (in glycerol),Glycerol,0.5,,,,0,0,,,,,-14.675,,,,,,,,
ECOR02,,MOPS,Yield expt (in galactose),Galactose,0.571,,,,0,0,,,,,,5.86,,,,,,,
ECOR02,,MOPS,Yield expt (in glu+CAA),Glu+CAA,1.32,,,,-3.857,-5.09124,,,,,,,3.38,,,,,,
ECOR02,,MOPS,Yield expt (in RDM),Glu+CAA+ACGU,1.88204,,,,-9.9368,-18.70145507,,,,,,,,-5.332239,,,,,
ECOR02,,LB,R/P expt,LB,2.6454,,,,,0,,,,,,,,,,183.6606797,276.9749015,0.654850957,
ECOR02,,LB,R/P expt,LB,2.79,,,,,0,,,,,,,,,,182.9777605,282.9058416,0.654850957,
ECOR02,,MOPS,R/P expt,Glu+CAA+ACGU,1.882,,,,,0,,,,,,,,,,168.5385144,302.7272274,0.556733915,
ECOR02,,N-C-,R/P expt,Glu+CAA,1.3306,,,,,0,,,,,,,,,,110.5507974,302.8504498,0.365034285,
ECOR02,,N-C-,R/P expt,Glucose,1.0029,,,,,0,,,,,,,,,,88.47286043,248.2304714,0.356414182,
ECOR02,,N-C-,R/P expt,Glycerol,0.738,,,,,0,,,,,,,,,,84.21488198,254.321075,0.320541307,
ECOR02,,N-C-,R/P expt,Glycerol,0.7447,,,,,0,,,,,,,,,,82.75044661,266.5644558,0.320541307,
ECOR02,,N-C-,R/P expt,Acetate,0.426,,,,,0,,,,,,,,,,67.90578641,259.2488222,0.266042875,
ECOR02,,N-C-,R/P expt,Acetate,0.3721,,,,,0,,,,,,,,,,66.63692408,246.4693269,0.266042875,
ECOR02,,N-C-,Yield expt (in acetate),Acetate,,,,,,0,,,,,,,,,,,,,
ECOR02,,N-C-,Diauxie expt,Glucose,0.93212,Acetate,0.310986,,,0,1.641355,,,,,,,,,,,,
ECOR02,,N-C-,Preferred sugar expt_I,Mixed carbon,0.91064913,,,,,0,,,,,,,,,,,,,
ECOR02,,MOPS,Preferred sugar expt,Mixed carbon,0.894398417,,,4.428141318,-2.7073932,-2.421488191,,0.47115209,0.078174964,0.89614641,-0.19802206,,,,,,,,
ECOR02,,N-C-,cAMP_I,Glucose,0.96616765,,,,,,,,,,,,,,,,,,0.062246607
ECOR02,,N-C-,cAMP_I,Fructose,0.71936308,,,,,,,,,,,,,,,,,,0.171953081
ECOR02,,N-C-,cAMP_I,Acetate,0.403703,,,,,,,,,,,,,,,,,,0.14951802
ECOR02,,N-C-,cAMP_II,Glucose,0.9772981,,,,,,,,,,,,,,,,,,0.053602442
ECOR02,,N-C-,cAMP_II,Fructose,0.73229644,,,,,,,,,,,,,,,,,,0.170138022
ECOR02,,N-C-,cAMP_II,Acetate,0.39658606,,,,,,,,,,,,,,,,,,0.118562645
ECOR09,,LB,Growth rate expt_I,LB,2.26941226,,,,,0,,,,,,,,,,,,,
ECOR09,,LB,Growth rate expt_II,LB,2.41341483,,,,,0,,,,,,,,,,,,,
ECOR09,,MOPS,Growth rate expt_I,Glu+CAA+ACGU,2.019282,,,,,0,,,,,,,,,,,,,
ECOR09,,MOPS,soft_agar expt_I,Glycerol,0.7871,,,,,0,,,,,,,,,0,,,,
ECOR09,,MOPS,soft_agar expt_I,Glu+CAA,1.2989,,,,,0,,,,,,,,,,,,,
ECOR09,,MOPS,soft_agar expt_I,Gly+CAA,1.091,,,,,0,,,,,,,,,,,,,
ECOR09,,MOPS,swimming expt_I,Gly+CAA,1.21,,,,,0,,,,,,,,,,,,,
ECOR09,,N-C-,Growth rate expt_I,Glucose,0.86588119,,,,,0,,,,,,,,,,,,,
ECOR09,,N-C-,Growth rate expt_II,Glucose,0.91524295,,,,,0,,,,,,,,,,,,,
ECOR09,,N-C-,Growth rate expt_III,Glucose,0.88933336,,,,,0,,,,,,,,,,,,,
ECOR09,,N-C-,Growth rate expt_I,Glycerol,0.721372,,,,,0,,,,,,,,,,,,,
ECOR09,,N-C-,Growth rate expt_II,Glycerol,0.70041743,,,,,0,,,,,,,,,,,,,
ECOR09,,N-C-,Growth rate expt_III,Glycerol,0.73753908,,,,,0,,,,,,,,,,,,,
ECOR09,,N-C-,Growth rate expt_I,Acetate,0.40818535,,,,,0,,,,,,,,,,,,,
ECOR09,,N-C-,Growth rate expt_II,Acetate,0.43089973,,,,,0,,,,,,,,,,,,,
ECOR09,,N-C-,Growth rate expt_III,Acetate,0.41782336,,,,,0,,,,,,,,,,,,,
ECOR09,,N-C-,Growth rate expt_I,Maltose,0.774267,,,,,0,,,,,,,,,,,,,
ECOR09,,N-C-,Growth rate expt_I,Fructose,0.73452,,,,,0,,,,,,,,,,,,,
ECOR09,,N-C-,Growth rate expt_I,Succinate,0.8000084,,,,,0,,,,,,,,,,,,,
ECOR09,,N-C-,Yield expt (in glucose),Glucose,0.937897,,,4.885141,-2.654618,-2.489758258,,,,,,,,,,,,,
ECOR09,,N-C-,Yield expt (in acetate),Acetate,,,,,19.6,0,,,,,,,,,,,,,
ECOR09,,N-C-,Diauxie expt,Glucose,0.830741,Acetate,0.332731,,,0,2.588477,,,,,,,,,,,,
ECOR09,,N-C-,Preferred sugar expt_I,Mixed carbon,1.00703035,,,,,0,,,,,,,,,,,,,
ECOR09,,N-C-,Preferred sugar expt_II,Mixed carbon,1.00851795,,,,,0,,,,,,,,,,,,,
ECOR09,,MOPS,Preferred sugar expt,Mixed carbon,1.062301939,,,3.920808821,-3.136377691,-3.331780104,,0.20832528,-0.070461782,1.905104444,-0.386187299,,,,,,,,
ECOR13,,LB,Growth rate expt_I,LB,2.54122642,,,,,0,,,,,,,,,,,,,
ECOR13,,LB,Growth rate expt_II,LB,2.42362741,,,,,0,,,,,,,,,,,,,
ECOR13,,MOPS,Growth rate expt_I,Glu+CAA+ACGU,2.0306,,,,,0,,,,,,,,,,,,,
ECOR13,,MOPS,soft_agar expt_I,Glycerol,0.8116,,,,,0,,,,,,,,,4.1117,,,,
ECOR13,,MOPS,soft_agar expt_I,Glu+CAA,1.4836,,,,,0,,,,,,,,,,,,,
ECOR13,,MOPS,soft_agar expt_I,Gly+CAA,1.254,,,,,0,,,,,,,,,,,,,
ECOR13,,MOPS,swimming expt_I,Gly+CAA,1.26,,,,,0,,,,,,,,,,,,,
ECOR13,,N-C-,Growth rate expt_I,Glucose,0.89035256,,,,,0,,,,,,,,,,,,,
ECOR13,,N-C-,Growth rate expt_II,Glucose,0.86938319,,,,,0,,,,,,,,,,,,,
ECOR13,,N-C-,Growth rate expt_III,Glucose,0.91093255,,,,,0,,,,,,,,,,,,,
ECOR13,,N-C-,Growth rate expt_I,Glycerol,0.75465424,,,,,0,,,,,,,,,,,,,
ECOR13,,N-C-,Growth rate expt_II,Glycerol,0.76029282,,,,,0,,,,,,,,,,,,,
ECOR13,,N-C-,Growth rate expt_III,Glycerol,0.75299963,,,,,0,,,,,,,,,,,,,
ECOR13,,N-C-,Growth rate expt_I,Acetate,0.39706254,,,,,0,,,,,,,,,,,,,
ECOR13,,N-C-,Growth rate expt_II,Acetate,0.34758442,,,,,0,,,,,,,,,,,,,
ECOR13,,N-C-,Growth rate expt_III,Acetate,0.38231104,,,,,0,,,,,,,,,,,,,
ECOR13,,N-C-,Growth rate expt_I,Maltose,0.812406,,,,,0,,,,,,,,,,,,,
ECOR13,,N-C-,Growth rate expt_I,Fructose,0.761744,,,,,0,,,,,,,,,,,,,
ECOR13,,N-C-,Growth rate expt_I,Succinate,0.362968,,,,,0,,,,,,,,,,,,,
ECOR13,,N-C-,Yield expt (in glucose),Glucose,0.990095,,,4.374959,-2.670262,-2.643813055,,,,,,,,,,,,,
ECOR13,,N-C-,Yield expt (in acetate),Acetate,,,,,,0,,,,,,,,,,,,,
ECOR13,,N-C-,Diauxie expt,Glucose,0.853679,Acetate,0.143579,,,0,1.227792,,,,,,,,,,,,
ECOR13,,N-C-,Preferred sugar expt_I,Mixed carbon,0.96742736,,,,,0,,,,,,,,,,,,,
ECOR13,,N-C-,Preferred sugar expt_II,Mixed carbon,0.95887795,,,,,0,,,,,,,,,,,,,
ECOR13,,MOPS,Preferred sugar expt,Mixed carbon,1.026688383,,,4.579981194,-3.009882239,-3.090211128,,0.835072046,-0.059285601,0.801195493,-0.126952048,,,,,,,,
ECOR15,,LB,Growth rate expt_I,LB,2.61744297,,,,,0,,,,,,,,,,,,,
ECOR15,,LB,Growth rate expt_II,LB,2.47831565,,,,,0,,,,,,,,,,,,,
ECOR15,,MOPS,Growth rate expt_I,Glu+CAA+ACGU,2.002532,,,,,0,,,,,,,,,,,,,
ECOR15,,MOPS,soft_agar expt_I,Glycerol,,,,,,0,,,,,,,,,,,,,
ECOR15,,MOPS,soft_agar expt_I,Glu+CAA,1.5,,,,,0,,,,,,,,,,,,,
ECOR15,,MOPS,soft_agar expt_I,Gly+CAA,1.326,,,,,0,,,,,,,,,,,,,
ECOR15,,MOPS,swimming expt_I,Gly+CAA,1.42,,,,,0,,,,,,,,,,,,,
ECOR15,,N-C-,Growth rate expt_I,Glucose,0.9746125,,,,,0,,,,,,,,,,,,,
ECOR15,,N-C-,Growth rate expt_II,Glucose,0.909214,,,,,0,,,,,,,,,,,,,
ECOR15,,N-C-,Growth rate expt_III,Glucose,0.95827237,,,,,0,,,,,,,,,,,,,
ECOR15,,N-C-,Growth rate expt_I,Glycerol,0.69582669,,,,,0,,,,,,,,,,,,,
ECOR15,,N-C-,Growth rate expt_II,Glycerol,0.7132524,,,,,0,,,,,,,,,,,,,
ECOR15,,N-C-,Growth rate expt_III,Glycerol,0.70315079,,,,,0,,,,,,,,,,,,,
ECOR15,,N-C-,Growth rate expt_I,Acetate,0.18239815,,,,,0,,,,,,,,,,,,,
ECOR15,,N-C-,Growth rate expt_II,Acetate,0.18777049,,,,,0,,,,,,,,,,,,,
ECOR15,,N-C-,Growth rate expt_III,Acetate,0.19876076,,,,,0,,,,,,,,,,,,,
ECOR15,,N-C-,Growth rate expt_I,Maltose,0.808098,,,,,0,,,,,,,,,,,,,
ECOR15,,N-C-,Growth rate expt_I,Fructose,0.69796,,,,,0,,,,,,,,,,,,,
ECOR15,,N-C-,Growth rate expt_I,Succinate,0.56785,,,,,0,,,,,,,,,,,,,
ECOR15,,N-C-,Yield expt (in glucose),Glucose,0.975427,,,4.464104,-1.788735,-1.744780415,,,,,,,,,,,,,
ECOR15,,MOPS,Yield expt (in glycerol),Glycerol,0.623,,,,0,0,,,,,9.48,,,,,,,,
ECOR15,,MOPS,Yield expt (in galactose),Galactose,0.53,,,,0,0,,,,,,4.335,,,,,,,
ECOR15,,MOPS,Yield expt (in glu+CAA),Glu+CAA,1.59,,,,-3.496,-5.55864,,,,,,,3.254,,,,,,
ECOR15,,MOPS,Yield expt (in RDM),Glu+CAA+ACGU,1.738453,,,,-8.8062,-15.30916481,,,,,,,,,,,,,
ECOR15,,N-C-,Yield expt (in acetate),Acetate,,,,,18.87,0,,,,,,,,,,,,,
ECOR15,,N-C-,Diauxie expt,Glucose,0.74594,Acetate,0.15843,,,0,1.88824,,,,,,,,,,,,
ECOR15,,N-C-,Preferred sugar expt_I,Mixed carbon,0.9699035,,,,,0,,,,,,,,,,,,,
ECOR15,,N-C-,Preferred sugar expt_II,Mixed carbon,0.98376008,,,,,0,,,,,,,,,,,,,
ECOR15,,MOPS,Preferred sugar expt,Mixed carbon,0.972625333,,,4.431865291,-2.455834935,-2.388607272,,0.4644223,0.153697488,0.731815355,-0.21690157,,,,,,,,
ECOR24,,LB,Growth rate expt_I,LB,2.18973185,,,,,#REF!,,,,,,,,,,,,,
ECOR24,,LB,Growth rate expt_II,LB,2.2060484,,,,,0,,,,,,,,,,,,,
ECOR24,,MOPS,Growth rate expt_I,Glu+CAA+ACGU,1.722439,,,,,0,,,,,,,,,,,,,
ECOR24,,MOPS,soft_agar expt_I,Glycerol,0.7832,,,,,0,,,,,,,,,0,,,,
ECOR24,,MOPS,soft_agar expt_I,Glu+CAA,1.314,,,,,0,,,,,,,,,,,,,
ECOR24,,MOPS,soft_agar expt_I,Gly+CAA,1.1625,,,,,0,,,,,,,,,,,,,
ECOR24,,MOPS,swimming expt_I,Gly+CAA,1.18,,,,,0,,,,,,,,,,,,,
ECOR24,,N-C-,Carbon ,Glucose,0.6107721,,,,,0,,,,,,,,,,,,,
ECOR24,,N-C-,Growth rate expt_II,Glucose,0.72514442,,,,,0,,,,,,,,,,,,,
ECOR24,,N-C-,Growth rate expt_III,Glucose,0.72716289,,,,,0,,,,,,,,,,,,,
ECOR24,,N-C-,Growth rate expt_I,Glycerol,0.614109,,,,,0,,,,,,,,,,,,,
ECOR24,,N-C-,Growth rate expt_II,Glycerol,0.63636089,,,,,0,,,,,,,,,,,,,
ECOR24,,N-C-,Growth rate expt_III,Glycerol,0.63094771,,,,,0,,,,,,,,,,,,,
ECOR24,,N-C-,Growth rate expt_I,Acetate,0.37466738,,,,,0,,,,,,,,,,,,,
ECOR24,,N-C-,Growth rate expt_II,Acetate,0.38261821,,,,,0,,,,,,,,,,,,,
ECOR24,,N-C-,Growth rate expt_III,Acetate,0.38007207,,,,,0,,,,,,,,,,,,,
ECOR24,,N-C-,Growth rate expt_I,Maltose,0.656641,,,,,0,,,,,,,,,,,,,
ECOR24,,N-C-,Growth rate expt_I,Fructose,0.635176,,,,,0,,,,,,,,,,,,,
ECOR24,,N-C-,Growth rate expt_I,Succinate,0.557805,,,,,0,,,,,,,,,,,,,
ECOR24,,N-C-,Yield expt (in glucose),Glucose,0.655187,,,15.178753,-4.727802,-3.097594409,,,,,,,,,,,,,
ECOR24,,N-C-,Yield expt (in acetate),Acetate,,,,,17.96,0,,,,,,,,,,,,,
ECOR24,,N-C-,Diauxie expt,Glucose,0.76459,Acetate,0.309046,,,0,1.279823,,,,,,,,,,,,
ECOR24,,N-C-,Preferred sugar expt_I,Mixed carbon,0.731661,,,,,0,,,,,,,,,,,,,
ECOR24,,MOPS,Preferred sugar expt,Mixed carbon,0.9075,,,4.470867696,-1.877656374,-1.70397316,,0.876937784,-0.573596562,1.19077592,0.101868865,,,,,,,,
ECOR26,,LB,Growth rate expt_I,LB,2.49866362,,,,,0,,,,,,,,,,,,,
ECOR26,,LB,Growth rate expt_II,LB,2.49122757,,,,,0,,,,,,,,,,,,,
ECOR26,,MOPS,Growth rate expt_I,Glu+CAA+ACGU,1.907846,,,,,0,,,,,,,,,,,,,
ECOR26,,MOPS,soft_agar expt_I,Glycerol,0.7786,,,,,0,,,,,,,,,2.4866,,,,
ECOR26,,MOPS,soft_agar expt_I,Glu+CAA,1.5135,,,,,0,,,,,,,,,,,,,
ECOR26,,MOPS,soft_agar expt_I,Gly+CAA,1.24,,,,,0,,,,,,,,,,,,,
ECOR26,,MOPS,swimming expt_I,Gly+CAA,1.25,,,,,0,,,,,,,,,,,,,
ECOR26,,N-C-,Growth rate expt_I,Glucose,0.9477722,,,,,0,,,,,,,,,,,,,
ECOR26,,N-C-,Growth rate expt_II,Glucose,0.94843566,,,,,0,,,,,,,,,,,,,
ECOR26,,N-C-,Growth rate expt_III,Glucose,0.9043121,,,,,0,,,,,,,,,,,,,
ECOR26,,N-C-,Growth rate expt_I,Glycerol,0.79015507,,,,,0,,,,,,,,,,,,,
ECOR26,,N-C-,Growth rate expt_II,Glycerol,0.76757235,,,,,0,,,,,,,,,,,,,
ECOR26,,N-C-,Growth rate expt_III,Glycerol,0.78297964,,,,,0,,,,,,,,,,,,,
ECOR26,,N-C-,Growth rate expt_I,Acetate,0.38922799,,,,,0,,,,,,,,,,,,,
ECOR26,,N-C-,Growth rate expt_II,Acetate,0.36336969,,,,,0,,,,,,,,,,,,,
ECOR26,,N-C-,Growth rate expt_III,Acetate,0.38153205,,,,,0,,,,,,,,,,,,,
ECOR26,,N-C-,Growth rate expt_I,Maltose,0.822881,,,,,0,,,,,,,,,,,,,
ECOR26,,N-C-,Growth rate expt_I,Fructose,0.72264,,,,,0,,,,,,,,,,,,,
ECOR26,,N-C-,Growth rate expt_I,Succinate,0.650772,,,,,0,,,,,,,,,,,,,
ECOR26,,N-C-,Yield expt (in glucose),Glucose,0.931478,,,5.021128,-2.525744,-2.35267497,,,,,,,,,,,,,
ECOR26,,N-C-,Yield expt (in acetate),Acetate,,,,,17.81,0,,,,,,,,,,,,,
ECOR26,,N-C-,Diauxie expt,Glucose,0.887012,Acetate,0.285366,,,0,1.749992,,,,,,,,,,,,
ECOR26,,N-C-,Preferred sugar expt,Mixed carbon,0.979563,,,,,0,,,,,,,,,,,,,
ECOR26,,MOPS,Preferred sugar expt,Mixed carbon,1.022885454,,,4.371219463,-2.281919112,-2.334141868,,0.476799249,0.081017407,1.164776218,-0.180410143,,,,,,,,
ECOR28,,LB,Growth rate expt_I,LB,2.44411738,,,,,0,,,,,,,,,,,,,
ECOR28,,LB,Growth rate expt_II,LB,2.43382113,,,,,0,,,,,,,,,,,,,
ECOR28,,MOPS,Growth rate expt_I,Glu+CAA+ACGU,1.753771,,,,,0,,,,,,,,,,,,,
ECOR28,,MOPS,soft_agar expt_I,Glycerol,,,,,,0,,,,,,,,,,,,,
ECOR28,,MOPS,soft_agar expt_I,Glu+CAA,1.4828,,,,,0,,,,,,,,,,,,,
ECOR28,,MOPS,soft_agar expt_I,Gly+CAA,1.227,,,,,0,,,,,,,,,,,,,
ECOR28,,MOPS,swimming expt_I,Gly+CAA,1.35,,,,,0,,,,,,,,,,,,,
ECOR28,,N-C-,Growth rate expt_I,Glucose,0.87348798,,,,,0,,,,,,,,,,,,,
ECOR28,,N-C-,Growth rate expt_II,Glucose,0.87323647,,,,,0,,,,,,,,,,,,,
ECOR28,,N-C-,Growth rate expt_III,Glucose,0.85255967,,,,,0,,,,,,,,,,,,,
ECOR28,,N-C-,Growth rate expt_I,Glycerol,0.7877315,,,,,0,,,,,,,,,,,,,
ECOR28,,N-C-,Growth rate expt_II,Glycerol,0.80782273,,,,,0,,,,,,,,,,,,,
ECOR28,,N-C-,Growth rate expt_III,Glycerol,0.77198273,,,,,0,,,,,,,,,,,,,
ECOR28,,N-C-,Growth rate expt_I,Acetate,0.10617651,,,,,0,,,,,,,,,,,,,
ECOR28,,N-C-,Growth rate expt_II,Acetate,0.12349045,,,,,0,,,,,,,,,,,,,
ECOR28,,N-C-,Growth rate expt_III,Acetate,0.13273498,,,,,0,,,,,,,,,,,,,
ECOR28,,N-C-,Growth rate expt_I,Maltose,0.740466,,,,,0,,,,,,,,,,,,,
ECOR28,,N-C-,Growth rate expt_I,Fructose,0.739997,,,,,0,,,,,,,,,,,,,
ECOR28,,N-C-,Growth rate expt_I,Succinate,0.750438,,,,,0,,,,,,,,,,,,,
ECOR28,,N-C-,Yield expt (in glucose),Glucose,0.910012,,,4.774384,-2.099533,-1.910600224,,,,,,,,,,,,,
ECOR28,,N-C-,Yield expt (in acetate),Acetate,,,,,,0,,,,,,,,,,,,,
ECOR28,,N-C-,Diauxie expt,Glucose,0.827036,Acetate,0.116997,,,0,0.855168,,,,,,,,,,,,
ECOR28,,N-C-,Preferred sugar expt_I,Mixed carbon,0.89068766,,,,,0,,,,,,,,,,,,,
ECOR28,,N-C-,Preferred sugar expt_II,Mixed carbon,0.87929647,,,,,0,,,,,,,,,,,,,
ECOR28,,MOPS,Preferred sugar expt,Mixed carbon,0.908925138,,,3.600878507,-1.738671431,-1.58032217,,0.867564268,-0.113674211,0.955241433,-0.116839015,,,,,,,,
ECOR35,,LB,Growth rate expt_I,LB,2.64586402,,,,,0,,,,,,,,,,,,,
ECOR35,,LB,Growth rate expt_II,LB,2.64586402,,,,,0,,,,,,,,,,,,,
ECOR35,,MOPS,Growth rate expt_I,Glu+CAA+ACGU,1.98,,,,,0,,,,,,,,,,,,,
ECOR35,,MOPS,soft_agar expt_I,Glycerol,0.6745,,,,,0,,,,,,,,,2.164,,,,
ECOR35,,MOPS,soft_agar expt_I,Glu+CAA,1.4121,,,,,0,,,,,,,,,,,,,
ECOR35,,MOPS,soft_agar expt_I,Gly+CAA,1.263,,,,,0,,,,,,,,,,,,,
ECOR35,,MOPS,swimming expt_I,Gly+CAA,1.32,,,,,0,,,,,,,,,,,,,
ECOR35,,N-C-,Growth rate expt_I,Glucose,0.93700504,,,,,0,,,,,,,,,,,,,
ECOR35,,N-C-,Growth rate expt_II,Glucose,0.88842153,,,,,0,,,,,,,,,,,,,
ECOR35,,N-C-,Growth rate expt_III,Glucose,0.88842153,,,,,0,,,,,,,,,,,,,
ECOR35,,N-C-,Growth rate expt_I,Glycerol,0.67463606,,,,,0,,,,,,,,,,,,,
ECOR35,,N-C-,Growth rate expt_II,Glycerol,0.64184503,,,,,0,,,,,,,,,,,,,
ECOR35,,N-C-,Growth rate expt_III,Glycerol,0.66834134,,,,,0,,,,,,,,,,,,,
ECOR35,,N-C-,Growth rate expt_I,Acetate,0.18965701,,,,,0,,,,,,,,,,,,,
ECOR35,,N-C-,Growth rate expt_II,Acetate,0.15184263,,,,,0,,,,,,,,,,,,,
ECOR35,,N-C-,Growth rate expt_III,Acetate,0.1734311,,,,,0,,,,,,,,,,,,,
ECOR35,,N-C-,Growth rate expt_I,Maltose,0.745015,,,,,0,,,,,,,,,,,,,
ECOR35,,N-C-,Growth rate expt_I,Fructose,0.746106,,,,,0,,,,,,,,,,,,,
ECOR35,,N-C-,Growth rate expt_I,Succinate,0.122224,,,,,0,,,,,,,,,,,,,
ECOR35,,N-C-,Yield expt (in glucose),Glucose,0.955123,,,4.477764,-2.058905,-1.96650752,,,,,,,,,,,,,
ECOR35,,N-C-,Yield expt (in acetate),Acetate,,,,,20.94,0,,,,,,,,,,,,,
ECOR35,,N-C-,Diauxie expt,Glucose,0.931557,Acetate,0.218565,,,0,1.575904,,,,,,,,,,,,
ECOR35,,N-C-,Preferred sugar expt_I,Mixed carbon,0.92456474,,,,,0,,,,,,,,,,,,,
ECOR35,,N-C-,Preferred sugar expt_II,Mixed carbon,1.00085501,,,,,0,,,,,,,,,,,,,
ECOR35,,MOPS,Preferred sugar expt,Mixed carbon,1.080432827,,,4.58345999,-2.476447245,-2.675634897,,0.466859754,-0.255607606,1.404169704,-0.124997292,,,,,,,,
ECOR36,,LB,Growth rate expt_I,LB,2.48617191,,,,,0,,,,,,,,,,,,,
ECOR36,,LB,Growth rate expt_II,LB,2.40431851,,,,,0,,,,,,,,,,,,,
ECOR36,,MOPS,Growth rate expt_I,Glu+CAA+ACGU,1.755416,,,,,0,,,,,,,,,,,,,
ECOR36,,MOPS,soft_agar expt_I,Glycerol,0.7299,,,,,0,,,,,,,,,0,,,,
ECOR36,,MOPS,soft_agar expt_I,Glu+CAA,1.2571,,,,,0,,,,,,,,,,,,,
ECOR36,,MOPS,soft_agar expt_I,Gly+CAA,1.244,,,,,0,,,,,,,,,,,,,
ECOR36,,MOPS,swimming expt_I,Gly+CAA,1.23,,,,,0,,,,,,,,,,,,,
ECOR36,,N-C-,Growth rate expt_I,Glucose,0.76949664,,,,,0,,,,,,,,,,,,,
ECOR36,,N-C-,Growth rate expt_II,Glucose,0.7758345,,,,,0,,,,,,,,,,,,,
ECOR36,,N-C-,Growth rate expt_III,Glucose,0.77575152,,,,,0,,,,,,,,,,,,,
ECOR36,,N-C-,Growth rate expt_I,Glycerol,0.60948402,,,,,0,,,,,,,,,,,,,
ECOR36,,N-C-,Growth rate expt_II,Glycerol,0.61711491,,,,,0,,,,,,,,,,,,,
ECOR36,,N-C-,Growth rate expt_III,Glycerol,0.62932224,,,,,0,,,,,,,,,,,,,
ECOR36,,N-C-,Growth rate expt_I,Acetate,0.15259852,,,,,0,,,,,,,,,,,,,
ECOR36,,N-C-,Growth rate expt_II,Acetate,0.1686595,,,,,0,,,,,,,,,,,,,
ECOR36,,N-C-,Growth rate expt_III,Acetate,0.17342345,,,,,0,,,,,,,,,,,,,
ECOR36,,N-C-,Growth rate expt_I,Maltose,0.604647,,,,,0,,,,,,,,,,,,,
ECOR36,,N-C-,Growth rate expt_I,Fructose,0.614734,,,,,0,,,,,,,,,,,,,
ECOR36,,N-C-,Growth rate expt_I,Succinate,0.421027,,,,,0,,,,,,,,,,,,,
ECOR36,,N-C-,Yield expt (in glucose),Glucose,0.799473,,,4.529756,-2.279208,-1.822165257,,,,,,,,,,,,,
ECOR36,,MOPS,Yield expt (in glycerol),Glycerol,0.675754,,,,0,0,,,,,8.1618,,,,,,,,
ECOR36,,MOPS,Yield expt (in galactose),Galactose,0.334,,,,0,0,,,,,,3.19,,,,,,,
ECOR36,,MOPS,Yield expt (in glu+CAA),Glu+CAA,1.25,,,,-4.032053,-5.04006625,,,,,,,3.759586,,,,,,
ECOR36,,MOPS,Yield expt (in RDM),Glu+CAA+ACGU,1.549247,,,,-10.798,-16.72876911,,,,,,,,,,,,,
ECOR36,,N-C-,Yield expt (in acetate),Acetate,,,,,19.59,0,,,,,,,,,,,,,
ECOR36,,N-C-,Diauxie expt,Glucose,0.733769,Acetate,0.247275,,,0,5.357168,,,,,,,,,,,,
ECOR36,,N-C-,Preferred sugar expt_I,Mixed carbon,0.82302503,,,,,0,,,,,,,,,,,,,
ECOR36,,N-C-,Preferred sugar expt_II,Mixed carbon,0.81873061,,,,,0,,,,,,,,,,,,,
ECOR36,,MOPS,Preferred sugar expt,Mixed carbon,0.786125552,,,4.555051611,-2.852176852,-2.242169102,,0.996242592,0.128432266,1.084886885,-0.098505868,,,,,,,,
ECOR36,,N-C-,cAMP_I,Glucose,0.76107208,,,,,,,,,,,,,,,,,,0.051300781
ECOR36,,N-C-,cAMP_I,Fructose,0.65557669,,,,,,,,,,,,,,,,,,0.104923369
ECOR36,,N-C-,cAMP_I,Acetate,0.2945234,,,,,,,,,,,,,,,,,,0.044591902
ECOR36,,N-C-,cAMP_II,Glucose,0.82421175,,,,,,,,,,,,,,,,,,0.053837531
ECOR36,,N-C-,cAMP_II,Fructose,0.65260396,,,,,,,,,,,,,,,,,,0.130537227
ECOR36,,N-C-,cAMP_II,Acetate,0.25282739,,,,,,,,,,,,,,,,,,0.030080393
ECOR38,,LB,Growth rate expt_I,LB,2.37775322,,,,,0,,,,,,,,,,,,,
ECOR38,,LB,Growth rate expt_II,LB,2.44551523,,,,,0,,,,,,,,,,,,,
ECOR38,,MOPS,Growth rate expt_I,Glu+CAA+ACGU,1.74585,,,,,0,,,,,,,,,,,,,
ECOR38,,MOPS,soft_agar expt_I,Glycerol,0.827,,,,,0,,,,,,,,,0,,,,
ECOR38,,MOPS,soft_agar expt_I,Glu+CAA,1.325,,,,,0,,,,,,,,,,,,,
ECOR38,,MOPS,soft_agar expt_I,Gly+CAA,1.169,,,,,0,,,,,,,,,,,,,
ECOR38,,MOPS,swimming expt_I,Gly+CAA,1.27,,,,,0,,,,,,,,,,,,,
ECOR38,,N-C-,Growth rate expt_I,Glucose,0.84101563,,,,,0,,,,,,,,,,,,,
ECOR38,,N-C-,Growth rate expt_II,Glucose,0.85424228,,,,,0,,,,,,,,,,,,,
ECOR38,,N-C-,Growth rate expt_I,Glycerol,0.76707792,,,,,0,,,,,,,,,,,,,
ECOR38,,N-C-,Growth rate expt_I,Acetate,0.31446138,,,,,0,,,,,,,,,,,,,
ECOR38,,N-C-,Growth rate expt_II,Acetate,0.31139342,,,,,0,,,,,,,,,,,,,
ECOR38,,N-C-,Growth rate expt_I,Maltose,0.793302,,,,,0,,,,,,,,,,,,,
ECOR38,,N-C-,Growth rate expt_I,Fructose,0.714158,,,,,0,,,,,,,,,,,,,
ECOR38,,N-C-,Growth rate expt_I,Succinate,0.709261,,,,,0,,,,,,,,,,,,,
ECOR38,,N-C-,Yield expt (in glucose),Glucose,0.841016,,,4.547432,-3.442099,-2.894860333,,,,,,,,,,,,,
ECOR38,,N-C-,Yield expt (in acetate),Acetate,,,,,,0,,,,,,,,,,,,,
ECOR38,,N-C-,Diauxie expt,Glucose,0.751807,Acetate,0.24471,,,0,2.948797,,,,,,,,,,,,
ECOR38,,N-C-,Preferred sugar expt,Mixed carbon,0.86004154,,,,,0,,,,,,,,,,,,,
ECOR38,,MOPS,Preferred sugar expt,Mixed carbon,0.875518431,,,4.582789258,-4.01287615,-3.51334703,,0.530612652,0.075837439,1.380356452,-0.218303886,,,,,,,,
ECOR39,,LB,Growth rate expt_I,LB,2.525073,,,,,0,,,,,,,,,,,,,
ECOR39,,LB,Growth rate expt_II,LB,2.32620385,,,,,0,,,,,,,,,,,,,
ECOR39,,MOPS,Growth rate expt_I,Glu+CAA+ACGU,1.736918,,,,,0,,,,,,,,,,,,,
ECOR39,,MOPS,soft_agar expt_I,Glycerol,0.0355,,,,,0,,,,,,,,,0,,,,
ECOR39,,MOPS,soft_agar expt_I,Glu+CAA,1.3111,,,,,0,,,,,,,,,,,,,
ECOR39,,MOPS,soft_agar expt_I,Gly+CAA,1.215,,,,,0,,,,,,,,,,,,,
ECOR39,,MOPS,swimming expt_I,Gly+CAA,1.19,,,,,0,,,,,,,,,,,,,
ECOR39,,N-C-,Growth rate expt_I,Glucose,0.90373105,,,,,0,,,,,,,,,,,,,
ECOR39,,N-C-,Growth rate expt_II,Glucose,0.88803162,,,,,0,,,,,,,,,,,,,
ECOR39,,N-C-,Growth rate expt_I,Glycerol,0.70069451,,,,,0,,,,,,,,,,,,,
ECOR39,,N-C-,Growth rate expt_I,Acetate,0.31308517,,,,,0,,,,,,,,,,,,,
ECOR39,,N-C-,Growth rate expt_II,Acetate,0.31313735,,,,,0,,,,,,,,,,,,,
ECOR39,,N-C-,Growth rate expt_I,Maltose,0.815911,,,,,0,,,,,,,,,,,,,
ECOR39,,N-C-,Growth rate expt_I,Fructose,0.688345,,,,,0,,,,,,,,,,,,,
ECOR39,,N-C-,Growth rate expt_I,Succinate,0.69369,,,,,0,,,,,,,,,,,,,
ECOR39,,N-C-,Yield expt (in glucose),Glucose,0.903731,,,4.211299,-2.578252,-2.330046258,,,,,,,,,,,,,
ECOR39,,LB,R/P expt,LB,2.5251,,,,,0,,,,,,,,,,174.95,290.92,0.601367474,
ECOR39,,MOPS,R/P expt,Glu+CAA+ACGU,1.7369,,,,,0,,,,,,,,,,156.3818722,293.1092703,0.533527555,
ECOR39,,N-C-,R/P expt,Glu+CAA,1.2131,,,,,0,,,,,,,,,,114.0645421,254.655653,0.447916788,
ECOR39,,N-C-,R/P expt,Glucose,0.8767,,,,,0,,,,,,,,,,85.65517241,252.000252,0.348499731,
ECOR39,,N-C-,R/P expt,Glucose,0.86555,,,,,0,,,,,,,,,,84.60272302,236.5450182,0.348499731,
ECOR39,,N-C-,R/P expt,Glycerol,0.8099,,,,,0,,,,,,,,,,73.45685032,275.2881325,0.270943499,
ECOR39,,N-C-,R/P expt,Glycerol,0.78965,,,,,0,,,,,,,,,,71.58028059,260.0158394,0.270943499,
ECOR39,,N-C-,R/P expt,Acetate,0.313,,,,,0,,,,,,,,,,51.14330404,284.0116925,0.18795136,
ECOR39,,N-C-,R/P expt,Acetate,0.3328,,,,,0,,,,,,,,,,54.47441491,277.9300717,0.18795136,
ECOR39,,N-C-,Yield expt (in acetate),Acetate,,,,,,0,,,,,,,,,,,,,
ECOR39,,N-C-,Diauxie expt,Glucose,0.865522,Acetate,0.340695,,,0,0.946477,,,,,,,,,,,,
ECOR39,,N-C-,Preferred sugar expt,Mixed carbon,0.9492869,,,,,0,,,,,,,,,,,,,
ECOR39,,MOPS,Preferred sugar expt,Mixed carbon,0.91267027,,,4.583549208,-3.527988488,-3.219890205,,0.542654933,0.002529129,1.18483533,-0.170834594,,,,,,,,
ECOR41,,LB,Growth rate expt_I,LB,2.56186568,,,,,0,,,,,,,,,,,,,
ECOR41,,LB,Growth rate expt_II,LB,2.34678614,,,,,0,,,,,,,,,,,,,
ECOR41,,MOPS,Growth rate expt_I,Glu+CAA+ACGU,1.788339,,,,,0,,,,,,,,,,,,,
ECOR41,,MOPS,soft_agar expt_I,Glycerol,0.8221,,,,,0,,,,,,,,,0,,,,
ECOR41,,MOPS,soft_agar expt_I,Glu+CAA,1.2469,,,,,0,,,,,,,,,,,,,
ECOR41,,MOPS,soft_agar expt_I,Gly+CAA,1.197,,,,,0,,,,,,,,,,,,,
ECOR41,,MOPS,swimming expt_I,Gly+CAA,1.2,,,,,0,,,,,,,,,,,,,
ECOR41,,N-C-,Growth rate expt_I,Glucose,0.92291717,,,,,0,,,,,,,,,,,,,
ECOR41,,N-C-,Growth rate expt_II,Glucose,0.88506279,,,,,0,,,,,,,,,,,,,
ECOR41,,N-C-,Growth rate expt_III,Glucose,0.89914219,,,,,0,,,,,,,,,,,,,
ECOR41,,N-C-,Growth rate expt_I,Glycerol,0.76580312,,,,,0,,,,,,,,,,,,,
ECOR41,,N-C-,Growth rate expt_II,Glycerol,0.77096521,,,,,0,,,,,,,,,,,,,
ECOR41,,N-C-,Growth rate expt_III,Glycerol,0.78791709,,,,,0,,,,,,,,,,,,,
ECOR41,,N-C-,Growth rate expt_I,Acetate,0.06392205,,,,,0,,,,,,,,,,,,,
ECOR41,,N-C-,Growth rate expt_II,Acetate,0.04906944,,,,,0,,,,,,,,,,,,,
ECOR41,,N-C-,Growth rate expt_III,Acetate,0.0630215,,,,,0,,,,,,,,,,,,,
ECOR41,,N-C-,Growth rate expt_I,Maltose,0.768136,,,,,0,,,,,,,,,,,,,
ECOR41,,N-C-,Growth rate expt_I,Fructose,0.711989,,,,,0,,,,,,,,,,,,,
ECOR41,,N-C-,Growth rate expt_I,Succinate,0.65833,,,,,0,,,,,,,,,,,,,
ECOR41,,N-C-,Yield expt (in glucose),Glucose,0.939529,,,3.971714,-2.152489,-2.022325838,,,,,,,,,,,,,
ECOR41,,MOPS,Yield expt (in glycerol),Glycerol,0.72278,,,,0,0,,,,,8.6477,,,,,,,,
ECOR41,,MOPS,Yield expt (in galactose),Galactose,0.63,,,,0,0,,,,,,4.21,,,,,,,
ECOR41,,MOPS,Yield expt (in glu+CAA),Glu+CAA,1.26,,,,-4.135,-5.2101,,,,,,,3.44,,,,,,
ECOR41,,N-C-,Yield expt (in acetate),Acetate,,,,,21.94,0,,,,,,,,,,,,,
ECOR41,,N-C-,Diauxie expt,Glucose,0.794629,Acetate,0.074927,,,0,4.046541,,,,,,,,,,,,
ECOR41,,N-C-,Preferred sugar expt_II,Mixed carbon,0.89416755,,,,,0,,,,,,,,,,,,,
ECOR41,,N-C-,Preferred sugar expt_I,Mixed carbon,0.92088636,,,,,0,,,,,,,,,,,,,
ECOR41,,MOPS,Preferred sugar expt,Mixed carbon,0.883065098,,,3.935970585,-2.538677651,-2.241817628,,0.581837479,0.216210443,0.957318898,-0.308859289,,,,,,,,
ECOR42,,LB,Growth rate expt_I,LB,2.16637697,,,,,0,,,,,,,,,,,,,
ECOR42,,LB,Growth rate expt_II,LB,2.34899258,,,,,0,,,,,,,,,,,,,
ECOR42,,MOPS,Growth rate expt_I,Glu+CAA+ACGU,1.892665,,,,,0,,,,,,,,,,,,,
ECOR42,,MOPS,soft_agar expt_I,Glycerol,0.7526,,,,,0,,,,,,,,,3.2476,,,,
ECOR42,,MOPS,soft_agar expt_I,Glu+CAA,1.399,,,,,0,,,,,,,,,,,,,
ECOR42,,MOPS,soft_agar expt_I,Gly+CAA,1.278,,,,,0,,,,,,,,,,,,,
ECOR42,,MOPS,swimming expt_I,Gly+CAA,1.14,,,,,0,,,,,,,,,,,,,
ECOR42,,N-C-,Growth rate expt_I,Glucose,0.85764154,,,,,0,,,,,,,,,,,,,
ECOR42,,N-C-,Growth rate expt_II,Glucose,0.85714434,,,,,0,,,,,,,,,,,,,
ECOR42,,N-C-,Growth rate expt_I,Glycerol,0.69411082,,,,,0,,,,,,,,,,,,,
ECOR42,,N-C-,Growth rate expt_I,Acetate,0.34135157,,,,,0,,,,,,,,,,,,,
ECOR42,,N-C-,Growth rate expt_II,Acetate,0.32560773,,,,,0,,,,,,,,,,,,,
ECOR42,,N-C-,Growth rate expt_I,Maltose,0.81349,,,,,0,,,,,,,,,,,,,
ECOR42,,N-C-,Growth rate expt_I,Fructose,0.654143,,,,,0,,,,,,,,,,,,,
ECOR42,,N-C-,Growth rate expt_I,Succinate,0.702093,,,,,0,,,,,,,,,,,,,
ECOR42,,N-C-,Yield expt (in glucose),Glucose,0.85764154,,,4.064962,-2.740564,-2.350421529,,,,,,,,,,,,,
ECOR42,,N-C-,Yield expt (in acetate),Acetate,,,,,,0,,,,,,,,,,,,,
ECOR42,,N-C-,Diauxie expt,Glucose,0.500481,Acetate,0.314974,,,0,0.757554,,,,,,,,,,,,
ECOR42,,N-C-,Preferred sugar expt,Mixed carbon,0.91036231,,,,,0,,,,,,,,,,,,,
ECOR42,,MOPS,Preferred sugar expt,Mixed carbon,1.017712921,,,4.295372964,-2.17543025,-2.213963475,,0.650377576,0.102003924,1.006889443,0.00484406,,,,,,,,
ECOR51,,LB,Growth rate expt_I,LB,2.01,,,,,,,,,,,,,,,,,,
ECOR51,,LB,Growth rate expt_II,LB,2.11,,,,,,,,,,,,,,,,,,
ECOR51,,MOPS,Growth rate expt_I,Glu+CAA+ACGU,1.359335,,,,,0,,,,,,,,,,,,,
ECOR51,,MOPS,soft_agar expt_I,Glycerol,0.5262,,,,,0,,,,,,,,,2.0616,,,,
ECOR51,,MOPS,soft_agar expt_I,Glu+CAA,0.8412,,,,,0,,,,,,,,,,,,,
ECOR51,,MOPS,soft_agar expt_I,Gly+CAA,1.09,,,,,0,,,,,,,,,,,,,
ECOR51,,MOPS,swimming expt_I,Gly+CAA,1.02,,,,,0,,,,,,,,,,,,,
ECOR51,,N-C-,Growth rate expt_I,Glucose,0.28745043,,,,,0,,,,,,,,,,,,,
ECOR51,,N-C-,Growth rate expt_II,Glucose,0.29940171,,,,,0,,,,,,,,,,,,,
ECOR51,,N-C-,Growth rate expt_I,Glycerol,0.56581908,,,,,0,,,,,,,,,,,,,
ECOR51,,N-C-,Growth rate expt_I,Acetate,0.33058722,,,,,0,,,,,,,,,,,,,
ECOR51,,N-C-,Growth rate expt_II,Acetate,0.31100812,,,,,0,,,,,,,,,,,,,
ECOR51,,N-C-,Growth rate expt_I,Maltose,0.571163,,,,,0,,,,,,,,,,,,,
ECOR51,,N-C-,Growth rate expt_I,Fructose,0.441328,,,,,0,,,,,,,,,,,,,
ECOR51,,N-C-,Growth rate expt_I,Succinate,0.567075,,,,,0,,,,,,,,,,,,,
ECOR51,,N-C-,Growth rate expt_I,Lactose,0.48972319,,,,,0,,,,,,,,,,,,,
ECOR51,,MOPS,Yield expt (in fru_glu),fru_glu,0.509316,,,1.742984,-2.383513,-1.213961307,,4.071382,,,,,,,,,,,
ECOR51,,MOPS,Yield expt (in mal_glu),mal_glu,0.457956,,,1.115971,-2.496657,-1.143359053,,,1.906663,,,,,,,,,,
ECOR51,,MOPS,Yield expt (in fru_mal),fru_mal,0.503935,,,,-3.063451,-1.54378018,,3.2638,1.101414,,,,,,,,,,
ECOR51,,N-C-,Yield expt (in glucose),Glucose,0.28745043,,,5.259632,0,0,,,,,,,,,,,,,
ECOR51,,N-C-,Yield expt (in acetate),Acetate,,,,,,0,,,,,,,,,,,,,
ECOR51,,N-C-,Diauxie expt,Glucose,0.263347,Acetate,0.1037,,,0,3.091939,,,,,,,,,,,,
ECOR51,,N-C-,Preferred sugar expt,Mixed carbon,0.67593069,,,,,0,,,,,,,,,,,,,
ECOR51,,MOPS,Preferred sugar expt,Mixed carbon,0.7108706,,,0.10482184,-1.626335003,-1.156113739,,1.548605301,0.670068097,1.667796674,-0.392620266,,,,,,,,
ECOR51,,N-C-,cAMP_I,Glucose,0.29218603,,,,,,,,,,,,,,,,,,0.125789318
ECOR51,,N-C-,cAMP_I,Fructose,0.29243562,,,,,,,,,,,,,,,,,,0.08043001
ECOR51,,N-C-,cAMP_I,Maltose,0.58320949,,,,,,,,,,,,,,,,,,0.127756024
ECOR51,,N-C-,cAMP_I,Acetate,0.34435887,,,,,,,,,,,,,,,,,,0.148659389
ECOR51,,N-C-,cAMP_II,Glucose,0.2781065,,,,,,,,,,,,,,,,,,0.104911204
ECOR51,,N-C-,cAMP_II,Fructose,0.31416825,,,,,,,,,,,,,,,,,,0.066375197
ECOR51,,N-C-,cAMP_II,Maltose,0.58296107,,,,,,,,,,,,,,,,,,0.136181126
ECOR51,,N-C-,cAMP_II,Acetate,0.35496329,,,,,,,,,,,,,,,,,,0.108606953
ECOR53,,LB,Growth rate expt_I,LB,2.42717025,,,,,0,,,,,,,,,,,,,
ECOR53,,LB,Growth rate expt_II,LB,2.42077715,,,,,0,,,,,,,,,,,,,
ECOR53,,MOPS,Growth rate expt_I,Glu+CAA+ACGU,1.861805,,,,,0,,,,,,,,,,,,,
ECOR53,,MOPS,soft_agar expt_I,Glycerol,,,,,,0,,,,,,,,,,,,,
ECOR53,,MOPS,soft_agar expt_I,Glu+CAA,1.053,,,,,0,,,,,,,,,,,,,
ECOR53,,MOPS,soft_agar expt_I,Gly+CAA,1.131,,,,,0,,,,,,,,,,,,,
ECOR53,,MOPS,swimming expt_I,Gly+CAA,1.13,,,,,0,,,,,,,,,,,,,
ECOR53,,N-C-,Growth rate expt_I,Glucose,0.58705514,,,,,0,,,,,,,,,,,,,
ECOR53,,N-C-,Growth rate expt_II,Glucose,0.5650659,,,,,0,,,,,,,,,,,,,
ECOR53,,N-C-,Growth rate expt_III,Glucose,0.54774191,,,,,0,,,,,,,,,,,,,
ECOR53,,N-C-,Growth rate expt_I,Glycerol,0.53527341,,,,,0,,,,,,,,,,,,,
ECOR53,,N-C-,Growth rate expt_II,Glycerol,0.37916878,,,,,0,,,,,,,,,,,,,
ECOR53,,N-C-,Growth rate expt_III,Glycerol,0.42395695,,,,,0,,,,,,,,,,,,,
ECOR53,,N-C-,Growth rate expt_I,Acetate,0.07058558,,,,,0,,,,,,,,,,,,,
ECOR53,,N-C-,Growth rate expt_II,Acetate,0.07182689,,,,,0,,,,,,,,,,,,,
ECOR53,,N-C-,Growth rate expt_III,Acetate,0.06485066,,,,,0,,,,,,,,,,,,,
ECOR53,,N-C-,Growth rate expt_I,Maltose,0.638218,,,,,0,,,,,,,,,,,,,
ECOR53,,N-C-,Growth rate expt_I,Fructose,0.431347,,,,,0,,,,,,,,,,,,,
ECOR53,,N-C-,Growth rate expt_I,Succinate,0.317025,,,,,0,,,,,,,,,,,,,
ECOR53,,N-C-,Yield expt (in glucose),Glucose,0.736862,,,4.770898,-3.495999,-2.576068815,,,,,,,,,,,,,
ECOR53,,MOPS,Yield expt (in glycerol),Glycerol,0.117,,,,-3.66,-0.42822,,,,,11.26,,,,,,,,
ECOR53,,MOPS,Yield expt (in galactose),Galactose,0.173,,,,-6.29,-1.08817,,,,,,7.33,,,,,,,
ECOR53,,MOPS,Yield expt (in glu+CAA),Glu+CAA,1.12,,,,-3.936,-4.40832,,,,,,,3.813,,,,,,
ECOR53,,MOPS,Yield expt (in RDM),Glu+CAA+ACGU,1.861805,,,,-10.623,-19.77795452,,,,,,,,,,,,,
ECOR53,,N-C-,Yield expt (in acetate),Acetate,,,,,,0,,,,,,,,,,,,,
ECOR53,,N-C-,Diauxie expt,Glucose,0.776233,Acetate,0.04939,,,0,4.740056,,,,,,,,,,,,
ECOR53,,N-C-,Preferred sugar expt_I,Mixed carbon,0.85299156,,,,,0,,,,,,,,,,,,,
ECOR53,,N-C-,Preferred sugar expt_II,Mixed carbon,0.85213015,,,,,0,,,,,,,,,,,,,
ECOR53,,MOPS,Preferred sugar expt,Mixed carbon,0.7357,,,4.00045452,-3.496085962,-2.572070442,,1.280158933,0.017969474,1.19606291,-0.086396441,,,,,,,,
ECOR53,,N-C-,cAMP_I,Glucose,0.81401515,,,,,,,,,,,,,,,,,,0.080223718
ECOR53,,N-C-,cAMP_I,Fructose,0.29296438,,,,,,,,,,,,,,,,,,0.045667639
ECOR53,,N-C-,cAMP_I,Acetate,0.11219631,,,,,,,,,,,,,,,,,,0.063039007
ECOR53,,N-C-,cAMP_II,Glucose,0.6665376,,,,,,,,,,,,,,,,,,0.051664262
ECOR53,,N-C-,cAMP_II,Fructose,0.25396173,,,,,,,,,,,,,,,,,,0.038700125
ECOR53,,N-C-,cAMP_II,Acetate,0.12416938,,,,,,,,,,,,,,,,,,0.045668591
ECOR54,,LB,Growth rate expt_I,LB,2.26845262,,,,,0,,,,,,,,,,,,,
ECOR54,,LB,Growth rate expt_II,LB,2.32947423,,,,,0,,,,,,,,,,,,,
ECOR54,,MOPS,Growth rate expt_I,Glu+CAA+ACGU,1.677236,,,,,0,,,,,,,,,,,,,
ECOR54,,MOPS,soft_agar expt_I,Glycerol,,,,,,0,,,,,,,,,,,,,
ECOR54,,MOPS,soft_agar expt_I,Glu+CAA,0.568,,,,,0,,,,,,,,,,,,,
ECOR54,,MOPS,soft_agar expt_I,Gly+CAA,0.6324,,,,,0,,,,,,,,,,,,,
ECOR54,,MOPS,swimming expt_I,Gly+CAA,0.79,,,,,0,,,,,,,,,,,,,
ECOR54,,N-C-,Growth rate expt_I,Glucose,0.43201391,,,,,0,,,,,,,,,,,,,
ECOR54,,N-C-,Growth rate expt_II,Glucose,0.47846063,,,,,0,,,,,,,,,,,,,
ECOR54,,N-C-,Growth rate expt_III,Glucose,0.37278222,,,,,0,,,,,,,,,,,,,
ECOR54,,N-C-,Growth rate expt_I,Glycerol,0.63798409,,,,,0,,,,,,,,,,,,,
ECOR54,,N-C-,Growth rate expt_II,Glycerol,0.67165025,,,,,0,,,,,,,,,,,,,
ECOR54,,N-C-,Growth rate expt_III,Glycerol,0.63112779,,,,,0,,,,,,,,,,,,,
ECOR54,,N-C-,Growth rate expt_I,Acetate,0.06351944,,,,,0.00E+00,,,,,,,,,,,,,
ECOR54,,N-C-,Growth rate expt_II,Acetate,0.08380955,,,,,0,,,,,,,,,,,,,
ECOR54,,N-C-,Growth rate expt_III,Acetate,0.06599894,,,,,0,,,,,,,,,,,,,
ECOR54,,N-C-,Growth rate expt_I,Maltose,0.695312,,,,,0,,,,,,,,,,,,,
ECOR54,,N-C-,Growth rate expt_I,Fructose,0.490775,,,,,0,,,,,,,,,,,,,
ECOR54,,N-C-,Growth rate expt_I,Succinate,0.232423,,,,,0,,,,,,,,,,,,,
ECOR54,,N-C-,Growth rate expt_I,Lactose,0.62202383,,,,,0,,,,,,,,,,,,,
ECOR54,,MOPS,Yield expt (in fru_glu),fru_glu,0.572797,,,4.18,-4.8,-2.7494256,,1.32,,,,,,,,,,,
ECOR54,,MOPS,Yield expt (in mal_glu),mal_glu,0.46668,,,4.583147,-5.460802,-2.548447077,,,0.950528,,,,,,,,,,
ECOR54,,MOPS,Yield expt (in fru_mal),fru_mal,0.11275,,,,-4.115033,-0.463969971,,23.610731,5.950263,,,,,,,,,,
ECOR54,,N-C-,Yield expt (in glucose),Glucose,0.179409,,,5.689056,-6.124224,-1.098740904,,,,,,,,,,,,,
ECOR54,,N-C-,Yield expt (in acetate),Acetate,,,,,,0,,,,,,,,,,,,,
ECOR54,,N-C-,Diauxie expt,Glucose,0.552404,Acetate,0.151562,,,0,2.524155,,,,,,,,,,,,
ECOR54,,N-C-,Preferred sugar expt_I,Mixed carbon,0.82844078,,,,,0,,,,,,,,,,,,,
ECOR54,,N-C-,Preferred sugar expt_II,Mixed carbon,0.86435263,,,,,0,,,,,,,,,,,,,
ECOR54,,MOPS,Preferred sugar expt,Mixed carbon,0.670102384,,,4.604601197,-2.720473821,-1.822995993,,1.340276706,1.32810775,1.654000655,-0.170135578,,,,,,,,
ECOR55,,LB,Growth rate expt_I,LB,2.43725859,,,,,0,,,,,,,,,,,,,
ECOR55,,LB,Growth rate expt_II,LB,2.39944209,,,,,0,,,,,,,,,,,,,
ECOR55,,MOPS,Growth rate expt_I,Glu+CAA+ACGU,1.846817,,,,,0,,,,,,,,,,,,,
ECOR55,,MOPS,soft_agar expt_I,Glycerol,0.6001,,,,,0,,,,,,,,,1.8804,,,,
ECOR55,,MOPS,soft_agar expt_I,Glu+CAA,1.517,,,,,0,,,,,,,,,,,,,
ECOR55,,MOPS,soft_agar expt_I,Gly+CAA,1.274,,,,,0,,,,,,,,,,,,,
ECOR55,,MOPS,swimming expt_I,Gly+CAA,1.29,,,,,0,,,,,,,,,,,,,
ECOR55,,N-C-,Growth rate expt_I,Glucose,0.43756797,,,,,0,,,,,,,,,,,,,
ECOR55,,N-C-,Growth rate expt_II,Glucose,0.50286108,,,,,0,,,,,,,,,,,,,
ECOR55,,N-C-,Growth rate expt_III,Glucose,0.4299745,,,,,0,,,,,,,,,,,,,
ECOR55,,N-C-,Growth rate expt_I,Glycerol,0.66244565,,,,,0,,,,,,,,,,,,,
ECOR55,,N-C-,Growth rate expt_II,Glycerol,0.59424459,,,,,0,,,,,,,,,,,,,
ECOR55,,N-C-,Growth rate expt_III,Glycerol,0.64495456,,,,,0,,,,,,,,,,,,,
ECOR55,,N-C-,Growth rate expt_I,Acetate,0.35006687,,,,,0,,,,,,,,,,,,,
ECOR55,,N-C-,Growth rate expt_II,Acetate,0.34502574,,,,,0,,,,,,,,,,,,,
ECOR55,,N-C-,Growth rate expt_III,Acetate,0.36579887,,,,,0,,,,,,,,,,,,,
ECOR55,,N-C-,Growth rate expt_I,Maltose,0.542074,,,,,0,,,,,,,,,,,,,
ECOR55,,N-C-,Growth rate expt_I,Fructose,0.1294,,,,,0,,,,,,,,,,,,,
ECOR55,,N-C-,Growth rate expt_I,Succinate,0.618508,,,,,0,,,,,,,,,,,,,
ECOR55,,N-C-,Growth rate expt_I,Lactose,0.47677072,,,,,0,,,,,,,,,,,,,
ECOR55,,MOPS,Yield expt (in fru_glu),fru_glu,0.437755,,,4.655478,-4.519906,-1.978611451,,1.778485,,,,,,,,,,,
ECOR55,,MOPS,Yield expt (in mal_glu),mal_glu,0.425301,,,5.034269,-3.858786,-1.641145545,,,0.20385,,,,,,,,,,
ECOR55,,MOPS,Yield expt (in fru_mal),fru_mal,0.347073,,,,-7.165281,-2.486875573,,6.968128,-1.32643,,,,,,,,,,
ECOR55,,MOPS,Yield expt (in galactose),Galactose,0.221554,,,,0,0,,,,,,5.479,,,,,,,
ECOR55,,MOPS,Yield expt (in glycerol),Glycerol,0.469,,,,0,0,,,,,9.61,,,,,,,,
ECOR55,,MOPS,Yield expt (in glu+CAA),Glu+CAA,1.33,,,,-3.92,-5.2136,,,,,,,3.59,,,,,,
ECOR55,,MOPS,Yield expt (in RDM),Glu+CAA+ACGU,1.846817,,,,-8.4445,-15.59544616,,,,,,,,,,,,,
ECOR55,,LB,R/P expt,LB,2.43725859,,,,,0,,,,,,,,,,169.8657038,250.0761488,0.610233144,
ECOR55,,LB,R/P expt,LB,2.4897,,,,,0,,,,,,,,,,157.340926,286.1232252,0.610233144,
ECOR55,,MOPS,R/P expt,Glu+CAA+ACGU,1.8468,,,,,0,,,,,,,,,,161.7684723,322.3072736,0.501907607,
ECOR55,,N-C-,R/P expt,Glu+CAA,1.1796,,,,,0,,,,,,,,,,108.2398583,275.7266234,0.392562231,
ECOR55,,N-C-,R/P expt,Glucose,0.3695,,,,,0,,,,,,,,,,78.4439065,298.1682371,0.263086059,
ECOR55,,N-C-,R/P expt,Glycerol,0.5708,,,,,0,,,,,,,,,,67.26036269,283.2182313,0.248458416,
ECOR55,,N-C-,R/P expt,Glycerol,0.59375,,,,,0,,,,,,,,,,75.10809602,289.7889589,0.248458416,
ECOR55,,N-C-,R/P expt,Acetate,0.3578,,,,,0,,,,,,,,,,68.79367273,289.6676696,0.237491719,
ECOR55,,N-C-,Yield expt (in acetate),Acetate,,,,,8.98,0,,,,,,,,,,,,,
ECOR55,,N-C-,Diauxie expt,Glucose,0.604426,Acetate,0.028675,,,0,4.703141,,,,,,,,,,,,
ECOR55,,N-C-,Preferred sugar expt_I,Mixed carbon,0.78013536,,,,,0,,,,,,,,,,,,,
ECOR55,,N-C-,Preferred sugar expt_II,Mixed carbon,0.76703581,,,,,0,,,,,,,,,,,,,
ECOR55,,MOPS,Preferred sugar expt,Mixed carbon,0.830751288,,,4.158786678,-3.521252482,-2.925285035,,0.753499752,0.055302766,0.927729733,-0.094334979,,,,,,,,
ECOR59,,LB,Growth rate expt_I,LB,2.23172265,,,,,0,,,,,,,,,,,,,
ECOR59,,LB,Growth rate expt_II,LB,2.31491599,,,,,0,,,,,,,,,,,,,
ECOR59,,MOPS,Growth rate expt_I,Glu+CAA+ACGU,1.839279,,,,,0,,,,,,,,,,,,,
ECOR59,,MOPS,soft_agar expt_I,Glycerol,0.6791,,,,,0,,,,,,,,,2.4698,,,,
ECOR59,,MOPS,soft_agar expt_I,Glu+CAA,1.19,,,,,0,,,,,,,,,,,,,
ECOR59,,MOPS,soft_agar expt_I,Gly+CAA,1.171,,,,,0,,,,,,,,,,,,,
ECOR59,,MOPS,swimming expt_I,Gly+CAA,1.14,,,,,0,,,,,,,,,,,,,
ECOR59,,N-C-,Growth rate expt_I,Glucose,0.71393555,,,,,0,,,,,,,,,,,,,
ECOR59,,N-C-,Growth rate expt_II,Glucose,0.72357567,,,,,0,,,,,,,,,,,,,
ECOR59,,N-C-,Growth rate expt_I,Glycerol,0.61850269,,,,,0,,,,,,,,,,,,,
ECOR59,,N-C-,Growth rate expt_I,Acetate,0.24882968,,,,,0,,,,,,,,,,,,,
ECOR59,,N-C-,Growth rate expt_II,Acetate,0.35325363,,,,,0,,,,,,,,,,,,,
ECOR59,,N-C-,Growth rate expt_I,Maltose,0.759834,,,,,0,,,,,,,,,,,,,
ECOR59,,N-C-,Growth rate expt_I,Fructose,0.654658,,,,,0,,,,,,,,,,,,,
ECOR59,,N-C-,Growth rate expt_I,Succinate,0.689485,,,,,0,,,,,,,,,,,,,
ECOR59,,N-C-,Yield expt (in glucose),Glucose,0.71393555,,,3.96893,-3.761428,-2.685417168,,,,,,,,,,,,,
ECOR59,,LB,R/P expt,LB,2.3439,,,,,0,,,,,,,,,,176.2046845,305.8198594,0.602538725,
ECOR59,,LB,R/P expt,LB,2.558,,,,,0,,,,,,,,,,193.7775565,308.2190821,0.602538725,
ECOR59,,MOPS,R/P expt,Glu+CAA+ACGU,1.8393,,,,,0,,,,,,,,,,167.8679245,304.5649199,0.469071658,
ECOR59,,N-C-,R/P expt,Glu+CAA,1.3245,,,,,0,,,,,,,,,,107.39296,261.3640117,0.410894213,
ECOR59,,N-C-,R/P expt,Glucose,0.8237,,,,,0,,,,,,,,,,80.43629924,265.5997659,0.298335691,
ECOR59,,N-C-,R/P expt,Glucose,0.80435,,,,,0,,,,,,,,,,84.73435526,288.0405115,0.298335691,
ECOR59,,N-C-,R/P expt,Glycerol,0.6166,,,,,0,,,,,,,,,,70.28066349,263.1344017,0.250190327,
ECOR59,,N-C-,R/P expt,Glycerol,0.62555,,,,,0,,,,,,,,,,71.39117647,303.121863,0.250190327,
ECOR59,,N-C-,R/P expt,Acetate,0.3955,,,,,0,,,,,,,,,,70.5632716,287.9038956,0.245093146,
ECOR59,,N-C-,Yield expt (in acetate),Acetate,,,,,,0,,,,,,,,,,,,,
ECOR59,,N-C-,Diauxie expt,Glucose,0.656002,Acetate,0.239056,,,0,2.046177,,,,,,,,,,,,
ECOR59,,N-C-,Preferred sugar expt,Mixed carbon,0.796754,,,,,0,,,,,,,,,,,,,
ECOR59,,MOPS,Preferred sugar expt,Mixed carbon,0.957024213,,,4.298394906,-2.857219191,-2.734427947,,0.317266283,0.043504486,1.036546922,-0.324898385,,,,,,,,
ECOR61,,LB,Growth rate expt_II,LB,2.40867517,,,,,0,,,,,,,,,,,,,
ECOR61,,LB,Growth rate expt_I,LB,2.32910862,,,,,0,,,,,,,,,,,,,
ECOR61,,MOPS,Growth rate expt_I,Glu+CAA+ACGU,1.752395,,,,,0,,,,,,,,,,,,,
ECOR61,,MOPS,soft_agar expt_I,Glycerol,,,,,,0,,,,,,,,,,,,,
ECOR61,,MOPS,soft_agar expt_I,Glu+CAA,1.0222,,,,,0,,,,,,,,,,,,,
ECOR61,,MOPS,soft_agar expt_I,Gly+CAA,1.142,,,,,0,,,,,,,,,,,,,
ECOR61,,MOPS,swimming expt_I,Gly+CAA,1.1,,,,,0,,,,,,,,,,,,,
ECOR61,,N-C-,Growth rate expt_I,Glucose,0.38003786,,,,,0,,,,,,,,,,,,,
ECOR61,,N-C-,Growth rate expt_II,Glucose,0.52103698,,,,,0,,,,,,,,,,,,,
ECOR61,,N-C-,Growth rate expt_I,Glycerol,0.26204533,,,,,0,,,,,,,,,,,,,
ECOR61,,N-C-,Growth rate expt_I,Acetate,0.31219002,,,,,0,,,,,,,,,,,,,
ECOR61,,N-C-,Growth rate expt_II,Acetate,0.32296143,,,,,0,,,,,,,,,,,,,
ECOR61,,N-C-,Growth rate expt_I,Maltose,0.129576,,,,,0,,,,,,,,,,,,,
ECOR61,,N-C-,Growth rate expt_I,Fructose,0.202398,,,,,0,,,,,,,,,,,,,
ECOR61,,N-C-,Growth rate expt_I,Succinate,0.536817,,,,,0,,,,,,,,,,,,,
ECOR61,,N-C-,Yield expt (in glucose),Glucose,0.4363,,,8.62,-3.9182,-1.70951066,,,,,,,,,,,,,
ECOR61,,MOPS,Yield expt (in galactose),Galactose,0.062012,,,,0,0,,,,,,,,,,,,,
ECOR61,,MOPS,Yield expt (in glu+CAA),Glu+CAA,0.5356,,,,-4.886,-2.6169416,,,,,,,3.273,,,,,,
ECOR61,,MOPS,Yield expt (in RDM),Glu+CAA+ACGU,1.752395,,,,-11.168,-19.57074736,,,,,,,,,,,,,
ECOR61,,N-C-,Yield expt (in acetate),Acetate,,,,,,0,,,,,,,,,,,,,
ECOR61,,N-C-,Diauxie expt,Glucose,0.544903,Acetate,0.306313,,,0,0.872152,,,,,,,,,,,,
ECOR61,,N-C-,Preferred sugar expt,Mixed carbon,0.491588,,,,,0,,,,,,,,,,,,,
ECOR61,,MOPS,Preferred sugar expt,Mixed carbon,,,,,,0,,,,,,,,,,,,,
ECOR61,,N-C-,cAMP_I,Glucose,0.45708481,,,,,,,,,,,,,,,,,,0.053806462
ECOR61,,N-C-,cAMP_I,Fructose,0.21618615,,,,,,,,,,,,,,,,,,0.065185316
ECOR61,,N-C-,cAMP_I,Acetate,0.31566513,,,,,,,,,,,,,,,,,,0.103915721
ECOR61,,N-C-,cAMP_II,Glucose,0.41158291,,,,,,,,,,,,,,,,,,0.047877095
ECOR61,,N-C-,cAMP_II,Fructose,0.17559716,,,,,,,,,,,,,,,,,,0.04459627
ECOR61,,N-C-,cAMP_II,Acetate,0.34967204,,,,,,,,,,,,,,,,,,0.075904226
ECOR63,,LB,Growth rate expt_I,LB,2.43861162,,,,,0,,,,,,,,,,,,,
ECOR63,,LB,Growth rate expt_II,LB,2.35620516,,,,,0,,,,,,,,,,,,,
ECOR63,,MOPS,Growth rate expt_I,Glu+CAA+ACGU,1.508045,,,,,0,,,,,,,,,,,,,
ECOR63,,MOPS,soft_agar expt_I,Glycerol,0.7814,,,,,0,,,,,,,,,0,,,,
ECOR63,,MOPS,swimming expt_I,Gly+CAA,0.576,,,,,0,,,,,,,,,,,,,
ECOR63,,N-C-,Growth rate expt_I,Glucose,0.29724013,,,,,0,,,,,,,,,,,,,
ECOR63,,N-C-,Growth rate expt_II,Glucose,0.25557335,,,,,0,,,,,,,,,,,,,
ECOR63,,N-C-,Growth rate expt_III,Glucose,0.26133123,,,,,0,,,,,,,,,,,,,
ECOR63,,N-C-,Growth rate expt_I,Glycerol,0.72404911,,,,,0,,,,,,,,,,,,,
ECOR63,,N-C-,Growth rate expt_II,Glycerol,0.74785611,,,,,0,,,,,,,,,,,,,
ECOR63,,N-C-,Growth rate expt_III,Glycerol,0.73621512,,,,,0,,,,,,,,,,,,,
ECOR63,,N-C-,Growth rate expt_I,Acetate,0.36688533,,,,,0,,,,,,,,,,,,,
ECOR63,,N-C-,Growth rate expt_II,Acetate,0.36738984,,,,,0,,,,,,,,,,,,,
ECOR63,,N-C-,Growth rate expt_III,Acetate,0.38555605,,,,,0,,,,,,,,,,,,,
ECOR63,,N-C-,Growth rate expt_I,Maltose,0.736136,,,,,0,,,,,,,,,,,,,
ECOR63,,N-C-,Growth rate expt_I,Fructose,0.666932,,,,,0,,,,,,,,,,,,,
ECOR63,,N-C-,Growth rate expt_I,Succinate,0.700934,,,,,0,,,,,,,,,,,,,
ECOR63,,N-C-,Growth rate expt_I,Lactose,0.75365038,,,,,0,,,,,,,,,,,,,
ECOR63,,MOPS,Yield expt (in fru_glu),fru_glu,0.914596,,,3.038677,-1.257839,-1.150414518,,2.100203,,,,,,,,,,,
ECOR63,,MOPS,Yield expt (in mal_glu),mal_glu,0.813376,,,3.456034,-0.777642,-0.632515339,,,0.465916,,,,,,,,,,
ECOR63,,MOPS,Yield expt (in fru_mal),fru_mal,0.819795,,,,-0.309761,-0.253940519,,2.72954,1.370118,,,,,,,,,,
ECOR63,,N-C-,Yield expt (in glucose),Glucose,0.454146,,,4.466873,0,0,,,,,,,,,,,,,
ECOR63,,MOPS,Yield expt (in glycerol),Glycerol,0.646,,,,0,0,,,,,-8.245,,,,,,,,
ECOR63,,MOPS,Yield expt (in galactose),Galactose,0.508,,,,0,0,,,,,,4.58,,,,,,,
ECOR63,,MOPS,Yield expt (in glu+CAA),Glu+CAA,1.04,,,,-0.723,-0.75192,,,,,,,1.326,,,,,,
ECOR63,,MOPS,Yield expt (in RDM),Glu+CAA+ACGU,1.508045,,,,-9.7495,-14.70268473,,,,,,,,,,,,,
ECOR63,,LB,R/P expt,LB,2.5089,,,,,0,,,,,,,,,,165.8798814,265.1807262,0.603980606,
ECOR63,,LB,R/P expt,LB,2.67355,,,,,0,,,,,,,,,,152.0276047,261.173072,0.603980606,
ECOR63,,MOPS,R/P expt,Glu+CAA+ACGU,1.508,,,,,0,,,,,,,,,,143.437299,310.9563481,0.461277925,
ECOR63,,N-C-,R/P expt,Glu+CAA,0.8888,,,,,0,,,,,,,,,,87.30782142,280.0403814,0.311768685,
ECOR63,,N-C-,R/P expt,Glucose,0.3106,,,,,0,,,,,,,,,,56.98627773,281.7029374,0.202292096,
ECOR63,,N-C-,R/P expt,Glycerol,0.7523,,,,,0,,,,,,,,,,81.26413839,316.2465528,0.26631961,
ECOR63,,N-C-,R/P expt,Glycerol,0.7247,,,,,0,,,,,,,,,,86.17248753,312.4590322,0.26631961,
ECOR63,,N-C-,R/P expt,Acetate,0.3649,,,,,0,,,,,,,,,,66.89381034,313.7338002,0.216157271,
ECOR63,,N-C-,R/P expt,Acetate,0.365,,,,,0,,,,,,,,,,72.01246765,328.8829277,0.216157271,
ECOR63,,N-C-,Yield expt (in acetate),Acetate,,,,,17.82,0,,,,,,,,,,,,,
ECOR63,,N-C-,Diauxie expt,Glucose,0.455735,Acetate,0.436099,,,0,0.015005,,,,,,,,,,,,
ECOR63,,N-C-,Preferred sugar expt,Mixed carbon,0.94994738,,,,,0,,,,,,,,,,,,,
ECOR63,,MOPS,Preferred sugar expt,Mixed carbon,0.922704112,,,1.102818107,-0.561270257,-0.517886374,,1.861153287,0.592383637,2.128925903,0.068347846,,,,,,,,
ECOR63,,N-C-,cAMP_I,Glucose,0.35629098,,,,,,,,,,,,,,,,,,0.237985629
ECOR63,,N-C-,cAMP_I,Fructose,0.65370271,,,,,,,,,,,,,,,,,,0.21660142
ECOR63,,N-C-,cAMP_I,Maltose,0.6914706,,,,,,,,,,,,,,,,,,0.173048177
ECOR63,,N-C-,cAMP_I,Acetate,0.35599041,,,,,,,,,,,,,,,,,,0.148349284
ECOR63,,N-C-,cAMP_II,Glucose,0.2923367,,,,,,,,,,,,,,,,,,0.183050267
ECOR63,,N-C-,cAMP_II,Fructose,0.6582536,,,,,,,,,,,,,,,,,,0.188466808
ECOR63,,N-C-,cAMP_II,Maltose,0.75789679,,,,,,,,,,,,,,,,,,0.18276628
ECOR63,,N-C-,cAMP_II,Acetate,0.36619555,,,,,,,,,,,,,,,,,,0.102274401
NCM3722,,LB,Growth rate expt_I,LB,2.77168253,,,,,0,,,,,,,,,,,,,
NCM3722,,LB,Growth rate expt_II,LB,2.56481464,,,,,0,,,,,,,,,,,,,
NCM3722,,MOPS,Growth rate expt_I,Glu+CAA+ACGU,1.909071,,,,,0,,,,,,,,,,,,,
NCM3722,,MOPS,soft_agar expt_I,Glycerol,,,,,,0,,,,,,,,,,,,,
NCM3722,,MOPS,soft_agar expt_I,Glu+CAA,1.182,,,,,0,,,,,,,,,,,,,
NCM3722,,MOPS,soft_agar expt_I,Gly+CAA,1.095,,,,,0,,,,,,,,,,,,,
NCM3722,,MOPS,swimming expt_I,Gly+CAA,1.19,,,,,0,,,,,,,,,,,,,
NCM3722,,N-C-,Growth rate expt_I,Glucose,0.96961481,,,,,0,,,,,,,,,,,,,
NCM3722,,N-C-,Growth rate expt_II,Glucose,0.94230057,,,,,0,,,,,,,,,,,,,
NCM3722,,N-C-,Growth rate expt_III,Glucose,0.96120171,,,,,0,,,,,,,,,,,,,
NCM3722,,N-C-,Growth rate expt_I,Glycerol,0.72557812,,,,,0,,,,,,,,,,,,,
NCM3722,,N-C-,Growth rate expt_II,Glycerol,0.72420173,,,,,0,,,,,,,,,,,,,
NCM3722,,N-C-,Growth rate expt_III,Glycerol,0.74399144,,,,,0,,,,,,,,,,,,,
NCM3722,,N-C-,Growth rate expt_I,Acetate,0.4740719,,,,,0,,,,,,,,,,,,,
NCM3722,,N-C-,Growth rate expt_II,Acetate,0.48347855,,,,,0,,,,,,,,,,,,,
NCM3722,,N-C-,Growth rate expt_III,Acetate,0.48828044,,,,,0,,,,,,,,,,,,,
NCM3722,,N-C-,Growth rate expt_I,Maltose,0.704234,,,,,0,,,,,,,,,,,,,
NCM3722,,N-C-,Growth rate expt_I,Fructose,0.634309,,,,,0,,,,,,,,,,,,,
NCM3722,,N-C-,Growth rate expt_I,Succinate,0.684213,,,,,0,,,,,,,,,,,,,
NCM3722,,N-C-,Growth rate expt_I,Lactose,0.93915108,,,,,0,,,,,,,,,,,,,
NCM3722,,MOPS,Yield expt (in fru_glu),fru_glu,1.047003,,,4.451925,-2.735808,-2.864399183,,0.547754,,,,,,,,,,,
NCM3722,,MOPS,Yield expt (in mal_glu),mal_glu,0.963871,,,4.603511,-2.268808,-2.186838236,,,0.120499,,,,,,,,,,
NCM3722,,MOPS,Yield expt (in fru_mal),fru_mal,0.700593,,,,0,0,,4.318056,-0.125044,,,,,,,,,,
NCM3722,,N-C-,Yield expt (in glucose),Glucose,0.872714,,,5.119554,-2.018127,-1.761247687,,,,,,,,,,,,,
NCM3722,,MOPS,Yield expt (in glycerol),Glycerol,0.66287,,,,0,0,,,,,9.5739,,,,,,,,
NCM3722,,MOPS,Yield expt (in galactose),Galactose,0.602,,,,0,0,,,,,,4.846,,,,,,,
NCM3722,,MOPS,Yield expt (in glu+CAA),Glu+CAA,1.25,,,,-3.49,-4.3625,,,,,,,2.77,,,,,,
NCM3722,,MOPS,Yield expt (in RDM),Glu+CAA+ACGU,1.909071,,,,-8.8323,-16.86148779,,,,,,,,,,,,,
NCM3722,,LB,R/P expt,LB,2.7717,,,,,0,,,,,,,,,,167.7845143,247.9462723,0.676697063,
NCM3722,,MOPS,R/P expt,Glu+CAA+ACGU,1.9091,,,,,0,,,,,,,,,,171.3934339,314.5670271,0.544855052,
NCM3722,,N-C-,R/P expt,Glu+CAA,1.3133,,,,,0,,,,,,,,,,112.7889172,263.9836581,0.427257195,
NCM3722,,N-C-,R/P expt,Glucose,0.9663,,,,,0,,,,,,,,,,92.51626898,280.2087079,0.324733351,
NCM3722,,N-C-,R/P expt,Glucose,0.9555,,,,,0,,,,,,,,,,90.91356635,284.6542323,0.324733351,
NCM3722,,N-C-,R/P expt,Glycerol,0.7107,,,,,0,,,,,,,,,,74.8018681,310.4301868,0.257907902,
NCM3722,,N-C-,R/P expt,Glycerol,0.7165,,,,,0,,,,,,,,,,74.80839605,269.6616337,0.257907902,
NCM3722,,N-C-,R/P expt,Acetate,0.4633,,,,,0,,,,,,,,,,58.3353666,311.2712581,0.184967989,
NCM3722,,N-C-,R/P expt,Acetate,0.47375,,,,,0,,,,,,,,,,58.37839537,319.7231257,0.184967989,
NCM3722,,N-C-,Yield expt (in acetate),Acetate,,,,,17.43,0,,,,,,,,,,,,,
NCM3722,,N-C-,Diauxie expt,Glucose,0.906648,Acetate,0.404455,,,0,1.785757,,,,,,,,,,,,
NCM3722,,N-C-,Preferred sugar expt_I,Mixed carbon,0.96182971,,,,,0,,,,,,,,,,,,,
NCM3722,,N-C-,Preferred sugar expt_II,Mixed carbon,0.97883688,,,,,0,,,,,,,,,,,,,
NCM3722,,MOPS,Preferred sugar expt,Mixed carbon,0.95645351,,,4.444438444,-2.053538448,-1.964114056,,0.793477358,0.132097175,1.199604419,0.104670928,,,,,,,,
NCM3722,,N-C-,cAMP_I,Glucose,0.9587234,,,,,,,,,,,,,,,,,,0.110853653
NCM3722,,N-C-,cAMP_I,Fructose,0.70154453,,,,,,,,,,,,,,,,,,0.312578786
NCM3722,,N-C-,cAMP_I,Maltose,0.7576265,,,,,,,,,,,,,,,,,,0.322354766
NCM3722,,N-C-,cAMP_I,Acetate,0.46618824,,,,,,,,,,,,,,,,,,0.275327741
NCM3722,,N-C-,cAMP_I,Glu+CAA,1.24878643,,,,,,,,,,,,,,,,,,0.131434769
NCM3722,,N-C-,cAMP_I,Glycerol,0.69902196,,,,,,,,,,,,,,,,,,0.228649105
NCM3722,,N-C-,cAMP_I,Galactose,0.5895834,,,,,,,,,,,,,,,,,,0.262754857
NCM3722,,N-C-,cAMP_II,Glucose,0.96571629,,,,,,,,,,,,,,,,,,0.118142684
NCM3722,,N-C-,cAMP_II,Fructose,0.68500144,,,,,,,,,,,,,,,,,,0.271525928
NCM3722,,N-C-,cAMP_II,Maltose,0.73982875,,,,,,,,,,,,,,,,,,0.322964002
NCM3722,,N-C-,cAMP_II,Acetate,0.45073655,,,,,,,,,,,,,,,,,,0.282147727
NCM3722,,N-C-,cAMP_II,Glu+CAA,1.23769857,,,,,,,,,,,,,,,,,,0.13041165
NCM3722,,N-C-,cAMP_II,Glycerol,0.71589864,,,,,,,,,,,,,,,,,,0.209126553
NCM3722,,N-C-,cAMP_II,Galactose,0.57700757,,,,,,,,,,,,,,,,,,0.264113144
Isolate_1,,LB,R/P expt,LB,2.71896794,,,,,0,,,,,,,,,,162.9520606,286.3612755,0.569043633,
Isolate_1,,LB,R/P expt,LB,2.72343552,,,,,,,,,,,,,,,148.5556156,258.962807,0.573656184,
Isolate_1,,MOPS,R/P expt,Glu+CAA+ACGU,1.782,,,,,0,,,,,,,,,,183.923445,322.9270369,0.569551087,
Isolate_1,,MOPS,R/P expt,Glu+CAA+ACGU,1.8,,,,,,,,,,,,,,,178.7441411,319.6865084,0.559123192,
Isolate_1,,N-C-,R/P expt,Glu+CAA,1.35,,,,,0,,,,,,,,,,141.1467116,287.3657642,0.491174417,
Isolate_1,,N-C-,R/P expt,Glu+CAA,1.392,,,,,,,,,,,,,,,131.5296451,308.6774798,0.426107033,
Isolate_1,,N-C-,R/P expt,Glucose,0.90323407,,,,,0,,,,,,,,,,103.736319,296.5710997,0.349785664,
Isolate_1,,N-C-,R/P expt,Glucose,0.90254957,,,,,0,,,,,,,,,,102.4849729,301.6784762,0.339715893,
Isolate_1,,N-C-,R/P expt,Glycerol,0.696,,,,,0,,,,,,,,,,90.27484144,315.8083738,0.285853223,
Isolate_1,,N-C-,R/P expt,Glycerol,0.702,,,,,0,,,,,,,,,,88.94699647,407.3882687,0.218334703,
Isolate_1,,N-C-,R/P expt,Acetate,0.41468015,,,,,0,,,,,,,,,,91.56755703,365.8379871,0.250295377,
Isolate_1,,N-C-,R/P expt,Acetate,0.32469169,,,,,0,,,,,,,,,,99.59322597,366.3555562,0.271848548,
Isolate_2,,LB,Growth rate expt_I,LB,2.7113963,,,,,,,,,,,,,,,,,,
Isolate_2,,LB,Growth rate expt_II,LB,2.62956846,,,,,,,,,,,,,,,,,,
Isolate_2,,N-C-,Growth rate expt_I,Glucose,0.8373646,,,,,,,,,,,,,,,,,,
Isolate_2,,N-C-,Growth rate expt_II,Glucose,0.84446137,,,,,,,,,,,,,,,,,,
Isolate_2,,N-C-,Growth rate expt_I,Acetate,0.17328476,,,,,,,,,,,,,,,,,,
Isolate_2,,N-C-,Growth rate expt_II,Acetate,0.11666062,,,,,,,,,,,,,,,,,,
Isolate_3,,LB,Growth rate expt_I,LB,2.7381189,,,,,,,,,,,,,,,,,,
Isolate_3,,LB,Growth rate expt_II,LB,2.27720667,,,,,,,,,,,,,,,,,,
Isolate_3,,N-C-,Growth rate expt_I,Glucose,0.80512643,,,,,,,,,,,,,,,,,,
Isolate_3,,N-C-,Growth rate expt_II,Glucose,0.86707073,,,,,,,,,,,,,,,,,,
Isolate_3,,N-C-,Growth rate expt_I,Acetate,0.40249619,,,,,,,,,,,,,,,,,,
Isolate_3,,N-C-,Growth rate expt_II,Acetate,0.39791716,,,,,,,,,,,,,,,,,,
Isolate_4,,LB,Growth rate expt_I,LB,2.66286801,,,,,,,,,,,,,,,,,,
Isolate_4,,LB,Growth rate expt_II,LB,2.83465988,,,,,,,,,,,,,,,,,,
Isolate_4,,N-C-,Growth rate expt_I,Glucose,0.88246856,,,,,,,,,,,,,,,,,,
Isolate_4,,N-C-,Growth rate expt_II,Glucose,0.86150851,,,,,,,,,,,,,,,,,,
Isolate_4,,N-C-,Growth rate expt_I,Acetate,0.40817765,,,,,,,,,,,,,,,,,,
Isolate_4,,N-C-,Growth rate expt_II,Acetate,0.38431108,,,,,,,,,,,,,,,,,,
Isolate_5,,LB,Growth rate expt_I,LB,3.10746732,,,,,,,,,,,,,,,,,,
Isolate_5,,LB,Growth rate expt_II,LB,3.05847952,,,,,,,,,,,,,,,,,,
Isolate_5,,N-C-,Growth rate expt_I,Glucose,0.7912173,,,,,,,,,,,,,,,,,,
Isolate_5,,N-C-,Growth rate expt_II,Glucose,0.82646122,,,,,,,,,,,,,,,,,,
Isolate_5,,N-C-,Growth rate expt_I,Acetate,0.29124632,,,,,,,,,,,,,,,,,,
Isolate_5,,N-C-,Growth rate expt_II,Acetate,0.29203654,,,,,,,,,,,,,,,,,,
Isolate_6,,LB,Growth rate expt_I,LB,2.88870426,,,,,,,,,,,,,,,,,,
Isolate_6,,LB,Growth rate expt_II,LB,3.09450222,,,,,,,,,,,,,,,,,,
Isolate_6,,N-C-,Growth rate expt_I,Glucose,0.75094877,,,,,,,,,,,,,,,,,,
Isolate_6,,N-C-,Growth rate expt_II,Glucose,0.7825305,,,,,,,,,,,,,,,,,,
Isolate_6,,N-C-,Growth rate expt_I,Acetate,0.12176526,,,,,,,,,,,,,,,,,,
Isolate_6,,N-C-,Growth rate expt_II,Acetate,0.11380096,,,,,,,,,,,,,,,,,,